<project xmlns="http://maven.apache.org/POM/4.0.0" xmlns:xsi="http://www.w3.org/2001/XMLSchema-instance"
         xsi:schemaLocation="http://maven.apache.org/POM/4.0.0 http://maven.apache.org/xsd/maven-4.0.0.xsd">

    <modelVersion>4.0.0</modelVersion>
    <packaging>jar</packaging>
    <name>Annotated JDK 7</name>
    <groupId>types.checkers</groupId>
    <artifactId>jdk7</artifactId>

    <!-- The comments in the version number are used to do a text substitution. Don't remove them.
         See checker-framework/binary/poms/updateVersion.sh -->
    <version><!-- checker-framework-version -->1.7.0<!-- /checker-framework-version --></version>

    <distributionManagement>
        <repository>
            <id>checker-releases</id>
            <url>file:///cse/www2/types/m2-repo</url>
        </repository>
    </distributionManagement>

</project>
